--
-- PostgreSQL database dump
--

\restrict zZaKGjYh3u7nWubsoGtQCz03PgyC04ar6HM0QlgKg9RDd4nAHKf3aFxgUO0wW5J

-- Dumped from database version 17.6 (Debian 17.6-1.pgdg13+1)
-- Dumped by pg_dump version 17.6 (Debian 17.6-1.pgdg13+1)

SET statement_timeout = 0;
SET lock_timeout = 0;
SET idle_in_transaction_session_timeout = 0;
SET transaction_timeout = 0;
SET client_encoding = 'UTF8';
SET standard_conforming_strings = on;
SELECT pg_catalog.set_config('search_path', '', false);
SET check_function_bodies = false;
SET xmloption = content;
SET client_min_messages = warning;
SET row_security = off;

--
-- Name: user_role; Type: TYPE; Schema: public; Owner: postgres
--

CREATE TYPE public.user_role AS ENUM (
    'ADMIN',
    'CUSTOMER',
    'MODERATOR'
);


ALTER TYPE public.user_role OWNER TO postgres;

--
-- Name: user_status; Type: TYPE; Schema: public; Owner: postgres
--

CREATE TYPE public.user_status AS ENUM (
    'ACTIVE',
    'INACTIVE',
    'BANNED'
);


ALTER TYPE public.user_status OWNER TO postgres;

SET default_tablespace = '';

SET default_table_access_method = heap;

--
-- Name: tbl_group; Type: TABLE; Schema: public; Owner: postgres
--

CREATE TABLE public.tbl_group (
    id bigint NOT NULL,
    created_by bigint,
    updated_by bigint,
    created_at timestamp without time zone DEFAULT CURRENT_TIMESTAMP,
    updated_at timestamp without time zone DEFAULT CURRENT_TIMESTAMP,
    name character varying(50) NOT NULL,
    description character varying(255),
    role_id bigint NOT NULL
);


ALTER TABLE public.tbl_group OWNER TO postgres;

--
-- Name: tbl_group_id_seq; Type: SEQUENCE; Schema: public; Owner: postgres
--

ALTER TABLE public.tbl_group ALTER COLUMN id ADD GENERATED BY DEFAULT AS IDENTITY (
    SEQUENCE NAME public.tbl_group_id_seq
    START WITH 1
    INCREMENT BY 1
    NO MINVALUE
    NO MAXVALUE
    CACHE 1
);


--
-- Name: tbl_permission; Type: TABLE; Schema: public; Owner: postgres
--

CREATE TABLE public.tbl_permission (
    id bigint NOT NULL,
    created_by bigint,
    updated_by bigint,
    created_at timestamp without time zone DEFAULT CURRENT_TIMESTAMP,
    updated_at timestamp without time zone DEFAULT CURRENT_TIMESTAMP,
    name character varying(50) NOT NULL
);


ALTER TABLE public.tbl_permission OWNER TO postgres;

--
-- Name: tbl_permission_id_seq; Type: SEQUENCE; Schema: public; Owner: postgres
--

ALTER TABLE public.tbl_permission ALTER COLUMN id ADD GENERATED BY DEFAULT AS IDENTITY (
    SEQUENCE NAME public.tbl_permission_id_seq
    START WITH 1
    INCREMENT BY 1
    NO MINVALUE
    NO MAXVALUE
    CACHE 1
);


--
-- Name: tbl_role; Type: TABLE; Schema: public; Owner: postgres
--

CREATE TABLE public.tbl_role (
    id bigint NOT NULL,
    created_by bigint,
    updated_by bigint,
    created_at timestamp without time zone DEFAULT CURRENT_TIMESTAMP,
    updated_at timestamp without time zone DEFAULT CURRENT_TIMESTAMP,
    role_name character varying(50) NOT NULL
);


ALTER TABLE public.tbl_role OWNER TO postgres;

--
-- Name: tbl_role_has_permission; Type: TABLE; Schema: public; Owner: postgres
--

CREATE TABLE public.tbl_role_has_permission (
    id bigint NOT NULL,
    created_by bigint,
    updated_by bigint,
    created_at timestamp without time zone DEFAULT CURRENT_TIMESTAMP,
    updated_at timestamp without time zone DEFAULT CURRENT_TIMESTAMP,
    role_id bigint NOT NULL,
    permission_id bigint NOT NULL
);


ALTER TABLE public.tbl_role_has_permission OWNER TO postgres;

--
-- Name: tbl_role_has_permission_id_seq; Type: SEQUENCE; Schema: public; Owner: postgres
--

ALTER TABLE public.tbl_role_has_permission ALTER COLUMN id ADD GENERATED BY DEFAULT AS IDENTITY (
    SEQUENCE NAME public.tbl_role_has_permission_id_seq
    START WITH 1
    INCREMENT BY 1
    NO MINVALUE
    NO MAXVALUE
    CACHE 1
);


--
-- Name: tbl_role_id_seq; Type: SEQUENCE; Schema: public; Owner: postgres
--

ALTER TABLE public.tbl_role ALTER COLUMN id ADD GENERATED BY DEFAULT AS IDENTITY (
    SEQUENCE NAME public.tbl_role_id_seq
    START WITH 1
    INCREMENT BY 1
    NO MINVALUE
    NO MAXVALUE
    CACHE 1
);


--
-- Name: tbl_token; Type: TABLE; Schema: public; Owner: postgres
--

CREATE TABLE public.tbl_token (
    id bigint NOT NULL,
    created_by bigint,
    updated_by bigint,
    created_at timestamp without time zone DEFAULT CURRENT_TIMESTAMP,
    updated_at timestamp without time zone DEFAULT CURRENT_TIMESTAMP,
    access_token character varying(500) NOT NULL,
    refresh_token character varying(500) NOT NULL,
    user_name character varying(50) NOT NULL
);


ALTER TABLE public.tbl_token OWNER TO postgres;

--
-- Name: tbl_token_id_seq; Type: SEQUENCE; Schema: public; Owner: postgres
--

ALTER TABLE public.tbl_token ALTER COLUMN id ADD GENERATED BY DEFAULT AS IDENTITY (
    SEQUENCE NAME public.tbl_token_id_seq
    START WITH 1
    INCREMENT BY 1
    NO MINVALUE
    NO MAXVALUE
    CACHE 1
);


--
-- Name: tbl_user; Type: TABLE; Schema: public; Owner: postgres
--

CREATE TABLE public.tbl_user (
    id bigint NOT NULL,
    created_by bigint,
    updated_by bigint,
    created_at timestamp without time zone DEFAULT CURRENT_TIMESTAMP,
    updated_at timestamp without time zone DEFAULT CURRENT_TIMESTAMP,
    user_name character varying(50),
    password character varying(255),
    birth_date date,
    email character varying(100),
    type_user public.user_role DEFAULT 'CUSTOMER'::public.user_role,
    status_user public.user_status DEFAULT 'ACTIVE'::public.user_status
);


ALTER TABLE public.tbl_user OWNER TO postgres;

--
-- Name: tbl_user_has_group; Type: TABLE; Schema: public; Owner: postgres
--

CREATE TABLE public.tbl_user_has_group (
    id bigint NOT NULL,
    created_by bigint,
    updated_by bigint,
    created_at timestamp without time zone DEFAULT CURRENT_TIMESTAMP,
    updated_at timestamp without time zone DEFAULT CURRENT_TIMESTAMP,
    user_id bigint NOT NULL,
    group_id bigint NOT NULL
);


ALTER TABLE public.tbl_user_has_group OWNER TO postgres;

--
-- Name: tbl_user_has_group_id_seq; Type: SEQUENCE; Schema: public; Owner: postgres
--

ALTER TABLE public.tbl_user_has_group ALTER COLUMN id ADD GENERATED BY DEFAULT AS IDENTITY (
    SEQUENCE NAME public.tbl_user_has_group_id_seq
    START WITH 1
    INCREMENT BY 1
    NO MINVALUE
    NO MAXVALUE
    CACHE 1
);


--
-- Name: tbl_user_has_role; Type: TABLE; Schema: public; Owner: postgres
--

CREATE TABLE public.tbl_user_has_role (
    id bigint NOT NULL,
    created_by bigint,
    updated_by bigint,
    created_at timestamp without time zone DEFAULT CURRENT_TIMESTAMP,
    updated_at timestamp without time zone DEFAULT CURRENT_TIMESTAMP,
    user_id bigint NOT NULL,
    role_id bigint NOT NULL
);


ALTER TABLE public.tbl_user_has_role OWNER TO postgres;

--
-- Name: tbl_user_has_role_id_seq; Type: SEQUENCE; Schema: public; Owner: postgres
--

ALTER TABLE public.tbl_user_has_role ALTER COLUMN id ADD GENERATED BY DEFAULT AS IDENTITY (
    SEQUENCE NAME public.tbl_user_has_role_id_seq
    START WITH 1
    INCREMENT BY 1
    NO MINVALUE
    NO MAXVALUE
    CACHE 1
);


--
-- Name: tbl_user_id_seq; Type: SEQUENCE; Schema: public; Owner: postgres
--

ALTER TABLE public.tbl_user ALTER COLUMN id ADD GENERATED BY DEFAULT AS IDENTITY (
    SEQUENCE NAME public.tbl_user_id_seq
    START WITH 1
    INCREMENT BY 1
    NO MINVALUE
    NO MAXVALUE
    CACHE 1
);


--
-- Data for Name: tbl_group; Type: TABLE DATA; Schema: public; Owner: postgres
--

INSERT INTO public.tbl_group VALUES (1, 1, 1, '2025-09-19 07:27:49.862039', '2025-09-19 07:27:49.862039', 'Admins Group', 'Group for administrators', 1);
INSERT INTO public.tbl_group VALUES (2, 1, 1, '2025-09-19 07:27:49.862039', '2025-09-19 07:27:49.862039', 'Users Group', 'Group for regular users', 2);
INSERT INTO public.tbl_group VALUES (3, 1, 1, '2025-09-19 07:27:49.862039', '2025-09-19 07:27:49.862039', 'Moderators Group', 'Group for moderators', 3);


--
-- Data for Name: tbl_permission; Type: TABLE DATA; Schema: public; Owner: postgres
--

INSERT INTO public.tbl_permission VALUES (1, 1, 1, '2025-09-19 07:27:49.860197', '2025-09-19 07:27:49.860197', 'read');
INSERT INTO public.tbl_permission VALUES (2, 1, 1, '2025-09-19 07:27:49.860197', '2025-09-19 07:27:49.860197', 'create');
INSERT INTO public.tbl_permission VALUES (3, 1, 1, '2025-09-19 07:27:49.860197', '2025-09-19 07:27:49.860197', 'update');
INSERT INTO public.tbl_permission VALUES (4, 1, 1, '2025-09-19 07:27:49.860197', '2025-09-19 07:27:49.860197', 'delete');


--
-- Data for Name: tbl_role; Type: TABLE DATA; Schema: public; Owner: postgres
--

INSERT INTO public.tbl_role VALUES (1, 1, 1, '2025-09-19 07:27:49.857353', '2025-09-19 07:27:49.857353', 'ADMIN');
INSERT INTO public.tbl_role VALUES (2, 1, 1, '2025-09-19 07:27:49.857353', '2025-09-19 07:27:49.857353', 'USER');
INSERT INTO public.tbl_role VALUES (3, 1, 1, '2025-09-19 07:27:49.857353', '2025-09-19 07:27:49.857353', 'MODERATOR');


--
-- Data for Name: tbl_role_has_permission; Type: TABLE DATA; Schema: public; Owner: postgres
--

INSERT INTO public.tbl_role_has_permission VALUES (1, 1, 1, '2025-09-19 07:27:49.866702', '2025-09-19 07:27:49.866702', 1, 1);
INSERT INTO public.tbl_role_has_permission VALUES (2, 1, 1, '2025-09-19 07:27:49.866702', '2025-09-19 07:27:49.866702', 1, 2);
INSERT INTO public.tbl_role_has_permission VALUES (3, 1, 1, '2025-09-19 07:27:49.866702', '2025-09-19 07:27:49.866702', 1, 3);
INSERT INTO public.tbl_role_has_permission VALUES (4, 1, 1, '2025-09-19 07:27:49.866702', '2025-09-19 07:27:49.866702', 1, 4);
INSERT INTO public.tbl_role_has_permission VALUES (5, 1, 1, '2025-09-19 07:27:49.866702', '2025-09-19 07:27:49.866702', 2, 1);
INSERT INTO public.tbl_role_has_permission VALUES (6, 1, 1, '2025-09-19 07:27:49.866702', '2025-09-19 07:27:49.866702', 3, 1);
INSERT INTO public.tbl_role_has_permission VALUES (7, 1, 1, '2025-09-19 07:27:49.866702', '2025-09-19 07:27:49.866702', 3, 2);


--
-- Data for Name: tbl_token; Type: TABLE DATA; Schema: public; Owner: postgres
--



--
-- Data for Name: tbl_user; Type: TABLE DATA; Schema: public; Owner: postgres
--

INSERT INTO public.tbl_user VALUES (1, 1, 1, '2025-09-19 07:27:49.864352', '2025-09-19 07:27:49.864352', 'admin1', '$2a$12$OEPa0SB283aEybkXpEKy9OGnBfryqKU8N.p7ZLa/vZNFWhKyOrQ2i', '1980-01-01', 'admin1@example.com', 'ADMIN', 'ACTIVE');
INSERT INTO public.tbl_user VALUES (2, 1, 1, '2025-09-19 07:27:49.864352', '2025-09-19 07:27:49.864352', 'user1', '$2a$12$nepRBzAZdwGtSTAunCJcBeXaByQ1rkNXLc6uA8hFs03osXNMJpKGK', '1990-05-10', 'user1@example.com', 'CUSTOMER', 'ACTIVE');
INSERT INTO public.tbl_user VALUES (3, 1, 1, '2025-09-19 07:27:49.864352', '2025-09-19 07:27:49.864352', 'mod1', '$2a$12$YYejdIrTgRSsCMejI6H.Ru/7KObh/wErnN8vCYQztX3HECTsAm13O', '1985-03-15', 'mod1@example.com', 'MODERATOR', 'ACTIVE');


--
-- Data for Name: tbl_user_has_group; Type: TABLE DATA; Schema: public; Owner: postgres
--

INSERT INTO public.tbl_user_has_group VALUES (1, 1, 1, '2025-09-19 07:27:49.868418', '2025-09-19 07:27:49.868418', 1, 1);
INSERT INTO public.tbl_user_has_group VALUES (2, 1, 1, '2025-09-19 07:27:49.868418', '2025-09-19 07:27:49.868418', 2, 2);
INSERT INTO public.tbl_user_has_group VALUES (3, 1, 1, '2025-09-19 07:27:49.868418', '2025-09-19 07:27:49.868418', 3, 3);


--
-- Data for Name: tbl_user_has_role; Type: TABLE DATA; Schema: public; Owner: postgres
--

INSERT INTO public.tbl_user_has_role VALUES (1, 1, 1, '2025-09-19 07:27:49.870177', '2025-09-19 07:27:49.870177', 1, 1);
INSERT INTO public.tbl_user_has_role VALUES (2, 1, 1, '2025-09-19 07:27:49.870177', '2025-09-19 07:27:49.870177', 2, 2);
INSERT INTO public.tbl_user_has_role VALUES (3, 1, 1, '2025-09-19 07:27:49.870177', '2025-09-19 07:27:49.870177', 3, 3);


--
-- Name: tbl_group_id_seq; Type: SEQUENCE SET; Schema: public; Owner: postgres
--

SELECT pg_catalog.setval('public.tbl_group_id_seq', 3, true);


--
-- Name: tbl_permission_id_seq; Type: SEQUENCE SET; Schema: public; Owner: postgres
--

SELECT pg_catalog.setval('public.tbl_permission_id_seq', 4, true);


--
-- Name: tbl_role_has_permission_id_seq; Type: SEQUENCE SET; Schema: public; Owner: postgres
--

SELECT pg_catalog.setval('public.tbl_role_has_permission_id_seq', 7, true);


--
-- Name: tbl_role_id_seq; Type: SEQUENCE SET; Schema: public; Owner: postgres
--

SELECT pg_catalog.setval('public.tbl_role_id_seq', 3, true);


--
-- Name: tbl_token_id_seq; Type: SEQUENCE SET; Schema: public; Owner: postgres
--

SELECT pg_catalog.setval('public.tbl_token_id_seq', 1, false);


--
-- Name: tbl_user_has_group_id_seq; Type: SEQUENCE SET; Schema: public; Owner: postgres
--

SELECT pg_catalog.setval('public.tbl_user_has_group_id_seq', 3, true);


--
-- Name: tbl_user_has_role_id_seq; Type: SEQUENCE SET; Schema: public; Owner: postgres
--

SELECT pg_catalog.setval('public.tbl_user_has_role_id_seq', 3, true);


--
-- Name: tbl_user_id_seq; Type: SEQUENCE SET; Schema: public; Owner: postgres
--

SELECT pg_catalog.setval('public.tbl_user_id_seq', 3, true);


--
-- Name: tbl_group tbl_group_name_key; Type: CONSTRAINT; Schema: public; Owner: postgres
--

ALTER TABLE ONLY public.tbl_group
    ADD CONSTRAINT tbl_group_name_key UNIQUE (name);


--
-- Name: tbl_group tbl_group_pkey; Type: CONSTRAINT; Schema: public; Owner: postgres
--

ALTER TABLE ONLY public.tbl_group
    ADD CONSTRAINT tbl_group_pkey PRIMARY KEY (id);


--
-- Name: tbl_permission tbl_permission_name_key; Type: CONSTRAINT; Schema: public; Owner: postgres
--

ALTER TABLE ONLY public.tbl_permission
    ADD CONSTRAINT tbl_permission_name_key UNIQUE (name);


--
-- Name: tbl_permission tbl_permission_pkey; Type: CONSTRAINT; Schema: public; Owner: postgres
--

ALTER TABLE ONLY public.tbl_permission
    ADD CONSTRAINT tbl_permission_pkey PRIMARY KEY (id);


--
-- Name: tbl_role_has_permission tbl_role_has_permission_pkey; Type: CONSTRAINT; Schema: public; Owner: postgres
--

ALTER TABLE ONLY public.tbl_role_has_permission
    ADD CONSTRAINT tbl_role_has_permission_pkey PRIMARY KEY (id);


--
-- Name: tbl_role tbl_role_pkey; Type: CONSTRAINT; Schema: public; Owner: postgres
--

ALTER TABLE ONLY public.tbl_role
    ADD CONSTRAINT tbl_role_pkey PRIMARY KEY (id);


--
-- Name: tbl_role tbl_role_role_name_key; Type: CONSTRAINT; Schema: public; Owner: postgres
--

ALTER TABLE ONLY public.tbl_role
    ADD CONSTRAINT tbl_role_role_name_key UNIQUE (role_name);


--
-- Name: tbl_token tbl_token_pkey; Type: CONSTRAINT; Schema: public; Owner: postgres
--

ALTER TABLE ONLY public.tbl_token
    ADD CONSTRAINT tbl_token_pkey PRIMARY KEY (id);


--
-- Name: tbl_user tbl_user_email_key; Type: CONSTRAINT; Schema: public; Owner: postgres
--

ALTER TABLE ONLY public.tbl_user
    ADD CONSTRAINT tbl_user_email_key UNIQUE (email);


--
-- Name: tbl_user_has_group tbl_user_has_group_pkey; Type: CONSTRAINT; Schema: public; Owner: postgres
--

ALTER TABLE ONLY public.tbl_user_has_group
    ADD CONSTRAINT tbl_user_has_group_pkey PRIMARY KEY (id);


--
-- Name: tbl_user_has_role tbl_user_has_role_pkey; Type: CONSTRAINT; Schema: public; Owner: postgres
--

ALTER TABLE ONLY public.tbl_user_has_role
    ADD CONSTRAINT tbl_user_has_role_pkey PRIMARY KEY (id);


--
-- Name: tbl_user tbl_user_pkey; Type: CONSTRAINT; Schema: public; Owner: postgres
--

ALTER TABLE ONLY public.tbl_user
    ADD CONSTRAINT tbl_user_pkey PRIMARY KEY (id);


--
-- Name: tbl_user tbl_user_user_name_key; Type: CONSTRAINT; Schema: public; Owner: postgres
--

ALTER TABLE ONLY public.tbl_user
    ADD CONSTRAINT tbl_user_user_name_key UNIQUE (user_name);


--
-- Name: tbl_group fk_role; Type: FK CONSTRAINT; Schema: public; Owner: postgres
--

ALTER TABLE ONLY public.tbl_group
    ADD CONSTRAINT fk_role FOREIGN KEY (role_id) REFERENCES public.tbl_role(id) ON DELETE CASCADE;


--
-- Name: tbl_role_has_permission tbl_role_has_permission_permission_id_fkey; Type: FK CONSTRAINT; Schema: public; Owner: postgres
--

ALTER TABLE ONLY public.tbl_role_has_permission
    ADD CONSTRAINT tbl_role_has_permission_permission_id_fkey FOREIGN KEY (permission_id) REFERENCES public.tbl_permission(id) ON DELETE CASCADE;


--
-- Name: tbl_role_has_permission tbl_role_has_permission_role_id_fkey; Type: FK CONSTRAINT; Schema: public; Owner: postgres
--

ALTER TABLE ONLY public.tbl_role_has_permission
    ADD CONSTRAINT tbl_role_has_permission_role_id_fkey FOREIGN KEY (role_id) REFERENCES public.tbl_role(id) ON DELETE CASCADE;


--
-- Name: tbl_user_has_group tbl_user_has_group_group_id_fkey; Type: FK CONSTRAINT; Schema: public; Owner: postgres
--

ALTER TABLE ONLY public.tbl_user_has_group
    ADD CONSTRAINT tbl_user_has_group_group_id_fkey FOREIGN KEY (group_id) REFERENCES public.tbl_group(id) ON DELETE CASCADE;


--
-- Name: tbl_user_has_group tbl_user_has_group_user_id_fkey; Type: FK CONSTRAINT; Schema: public; Owner: postgres
--

ALTER TABLE ONLY public.tbl_user_has_group
    ADD CONSTRAINT tbl_user_has_group_user_id_fkey FOREIGN KEY (user_id) REFERENCES public.tbl_user(id) ON DELETE CASCADE;


--
-- Name: tbl_user_has_role tbl_user_has_role_role_id_fkey; Type: FK CONSTRAINT; Schema: public; Owner: postgres
--

ALTER TABLE ONLY public.tbl_user_has_role
    ADD CONSTRAINT tbl_user_has_role_role_id_fkey FOREIGN KEY (role_id) REFERENCES public.tbl_role(id) ON DELETE CASCADE;


--
-- Name: tbl_user_has_role tbl_user_has_role_user_id_fkey; Type: FK CONSTRAINT; Schema: public; Owner: postgres
--

ALTER TABLE ONLY public.tbl_user_has_role
    ADD CONSTRAINT tbl_user_has_role_user_id_fkey FOREIGN KEY (user_id) REFERENCES public.tbl_user(id) ON DELETE CASCADE;


--
-- PostgreSQL database dump complete
--

\unrestrict zZaKGjYh3u7nWubsoGtQCz03PgyC04ar6HM0QlgKg9RDd4nAHKf3aFxgUO0wW5J

